system:index,tx,ty,zoom,.geo
23,6481,3828,13,"{""geodesic"":false,""type"":""Polygon"",""coordinates"":[[[104.80865135076868,11.651336519497999],[104.85443459272305,11.651336519497999],[104.85443459272305,11.696173457976858],[104.80865135076868,11.696173457976858],[104.80865135076868,11.651336519497999]]]}"
97,6482,3828,13,"{""geodesic"":false,""type"":""Polygon"",""coordinates"":[[[104.85259666326915,11.651336519497999],[104.89837990522352,11.651336519497999],[104.89837990522352,11.696173457976856],[104.85259666326915,11.696173457976856],[104.85259666326915,11.651336519497999]]]}"
98,6482,3829,13,"{""geodesic"":false,""type"":""Polygon"",""coordinates"":[[[104.85259680587393,11.608293523321406],[104.89837976261873,11.608293523321406],[104.89837976261873,11.653137126157207],[104.85259680587393,11.653137126157207],[104.85259680587393,11.608293523321406]]]}"
172,6483,3829,13,"{""geodesic"":false,""type"":""Polygon"",""coordinates"":[[[104.89654211837438,11.608293523321404],[104.94232507511921,11.608293523321404],[104.94232507511921,11.653137126157203],[104.89654211837438,11.653137126157203],[104.89654211837438,11.608293523321404]]]}"
173,6483,3830,13,"{""geodesic"":false,""type"":""Polygon"",""coordinates"":[[[104.89654226043865,11.565243883145136],[104.94232493305495,11.565243883145136],[104.94232493305495,11.6100941270728],[104.89654226043865,11.6100941270728],[104.89654226043865,11.565243883145136]]]}"
174,6483,3831,13,"{""geodesic"":false,""type"":""Polygon"",""coordinates"":[[[104.89654240196249,11.522187622250623],[104.94232479153112,11.522187622250623],[104.94232479153112,11.567044483986397],[104.89654240196249,11.567044483986397],[104.89654240196249,11.522187622250623]]]}"
244,6484,3827,13,"{""geodesic"":false,""type"":""Polygon"",""coordinates"":[[[104.9404871451247,11.694372848412174],[104.98627067336984,11.694372848412174],[104.98627067336984,11.739203099287613],[104.9404871451247,11.739203099287613],[104.9404871451247,11.694372848412174]]]}"
245,6484,3828,13,"{""geodesic"":false,""type"":""Polygon"",""coordinates"":[[[104.94048728827008,11.651336519497999],[104.98627053022444,11.651336519497999],[104.98627053022444,11.696173457976855],[104.94048728827008,11.696173457976855],[104.94048728827008,11.651336519497999]]]}"
246,6484,3829,13,"{""geodesic"":false,""type"":""Polygon"",""coordinates"":[[[104.94048743087487,11.608293523321406],[104.98627038761967,11.608293523321406],[104.98627038761967,11.653137126157205],[104.94048743087487,11.653137126157205],[104.94048743087487,11.608293523321406]]]}"
247,6484,3830,13,"{""geodesic"":false,""type"":""Polygon"",""coordinates"":[[[104.94048757293912,11.565243883145136],[104.98627024555542,11.565243883145136],[104.98627024555542,11.6100941270728],[104.94048757293912,11.6100941270728],[104.94048757293912,11.565243883145136]]]}"
248,6484,3831,13,"{""geodesic"":false,""type"":""Polygon"",""coordinates"":[[[104.94048771446293,11.522187622250623],[104.9862701040316,11.522187622250623],[104.9862701040316,11.567044483986393],[104.94048771446293,11.567044483986393],[104.94048771446293,11.522187622250623]]]}"
315,6485,3824,13,"{""geodesic"":false,""type"":""Polygon"",""coordinates"":[[[104.98443202494454,11.823441599232323],[105.0302164185509,11.823441599232323],[105.0302164185509,11.868251648005897],[104.98443202494454,11.868251648005897],[104.98443202494454,11.823441599232323]]]}"
316,6485,3825,13,"{""geodesic"":false,""type"":""Polygon"",""coordinates"":[[[104.98443216971225,11.780425411495393],[105.0302162737832,11.780425411495393],[105.0302162737832,11.825242217499389],[104.98443216971225,11.825242217499389],[104.98443216971225,11.780425411495393]]]}"
317,6485,3826,13,"{""geodesic"":false,""type"":""Polygon"",""coordinates"":[[[104.9844323139391,11.737402486819784],[105.03021612955635,11.737402486819784],[105.03021612955635,11.782226026864015],[104.9844323139391,11.782226026864015],[104.9844323139391,11.737402486819784]]]}"
318,6485,3827,13,"{""geodesic"":false,""type"":""Polygon"",""coordinates"":[[[104.98443245762518,11.694372848412174],[105.03021598587029,11.694372848412174],[105.03021598587029,11.739203099287613],[104.98443245762518,11.739203099287613],[104.98443245762518,11.694372848412174]]]}"
322,6485,3831,13,"{""geodesic"":false,""type"":""Polygon"",""coordinates"":[[[104.98443302696342,11.522187622250623],[105.03021541653203,11.522187622250623],[105.03021541653203,11.567044483986397],[104.98443302696342,11.567044483986397],[104.98443302696342,11.522187622250623]]]}"
389,6486,3824,13,"{""geodesic"":false,""type"":""Polygon"",""coordinates"":[[[105.02837733744501,11.823441599232323],[105.07416173105133,11.823441599232323],[105.07416173105133,11.868251648005895],[105.02837733744501,11.868251648005895],[105.02837733744501,11.823441599232323]]]}"
396,6486,3831,13,"{""geodesic"":false,""type"":""Polygon"",""coordinates"":[[[105.02837833946386,11.522187622250623],[105.0741607290325,11.522187622250623],[105.0741607290325,11.567044483986397],[105.02837833946386,11.567044483986397],[105.02837833946386,11.522187622250623]]]}"
463,6487,3824,13,"{""geodesic"":false,""type"":""Polygon"",""coordinates"":[[[105.07232264994545,11.823441599232323],[105.11810704355183,11.823441599232323],[105.11810704355183,11.868251648005895],[105.07232264994545,11.868251648005895],[105.07232264994545,11.823441599232323]]]}"
470,6487,3831,13,"{""geodesic"":false,""type"":""Polygon"",""coordinates"":[[[105.07232365196431,11.522187622250623],[105.11810604153298,11.522187622250623],[105.11810604153298,11.567044483986397],[105.07232365196431,11.567044483986397],[105.07232365196431,11.522187622250623]]]}"
471,6487,3832,13,"{""geodesic"":false,""type"":""Polygon"",""coordinates"":[[[105.07232379294778,11.47912476393775],[105.11810590054951,11.47912476393775],[105.11810590054951,11.523988220179431],[105.07232379294778,11.523988220179431],[105.07232379294778,11.47912476393775]]]}"
486,6487,3847,13,"{""geodesic"":false,""type"":""Polygon"",""coordinates"":[[[105.07232584291319,10.832406099021727],[105.1181038505841,10.832406099021727],[105.1181038505841,10.877365664164726],[105.07232584291319,10.877365664164726],[105.07232584291319,10.832406099021727]]]}"
487,6487,3848,13,"{""geodesic"":false,""type"":""Polygon"",""coordinates"":[[[105.07232597526207,10.789240865700776],[105.11810371823522,10.789240865700776],[105.11810371823522,10.834206650042207],[105.07232597526207,10.834206650042207],[105.07232597526207,10.789240865700776]]]}"
488,6487,3849,13,"{""geodesic"":false,""type"":""Polygon"",""coordinates"":[[[105.07232610707197,10.746069433838885],[105.11810358642529,10.746069433838885],[105.11810358642529,10.791041413770541],[105.07232610707197,10.791041413770541],[105.07232610707197,10.746069433838885]]]}"
489,6487,3850,13,"{""geodesic"":false,""type"":""Polygon"",""coordinates"":[[[105.07232623834298,10.702891827059423],[105.11810345515431,10.702891827059423],[105.11810345515431,10.747869978955757],[105.07232623834298,10.747869978955757],[105.07232623834298,10.702891827059423]]]}"
535,6488,3822,13,"{""geodesic"":false,""type"":""Polygon"",""coordinates"":[[[105.11626767128763,11.909453671157685],[105.1620526472106,11.909453671157685],[105.1620526472106,11.954250135975355],[105.11626767128763,11.954250135975355],[105.11626767128763,11.909453671157685]]]}"
536,6488,3823,13,"{""geodesic"":false,""type"":""Polygon"",""coordinates"":[[[105.1162678171373,11.866451026842755],[105.16205250136092,11.866451026842755],[105.16205250136092,11.911254295214537],[105.1162678171373,11.911254295214537],[105.1162678171373,11.866451026842755]]]}"
537,6488,3824,13,"{""geodesic"":false,""type"":""Polygon"",""coordinates"":[[[105.11626796244593,11.823441599232323],[105.16205235605227,11.823441599232323],[105.16205235605227,11.868251648005897],[105.11626796244593,11.868251648005897],[105.11626796244593,11.823441599232323]]]}"
545,6488,3832,13,"{""geodesic"":false,""type"":""Polygon"",""coordinates"":[[[105.11626910544827,11.479124763937751],[105.16205121304995,11.479124763937751],[105.16205121304995,11.523988220179431],[105.11626910544827,11.523988220179431],[105.11626910544827,11.479124763937751]]]}"
546,6488,3833,13,"{""geodesic"":false,""type"":""Polygon"",""coordinates"":[[[105.11626924589147,11.436055331524942],[105.16205107260674,11.436055331524942],[105.16205107260674,11.480925358951799],[105.11626924589147,11.480925358951799],[105.11626924589147,11.436055331524942]]]}"
561,6488,3848,13,"{""geodesic"":false,""type"":""Polygon"",""coordinates"":[[[105.11627128776257,10.789240865700775],[105.16204903073567,10.789240865700775],[105.16204903073567,10.834206650042205],[105.11627128776257,10.834206650042205],[105.11627128776257,10.789240865700775]]]}"
562,6488,3849,13,"{""geodesic"":false,""type"":""Polygon"",""coordinates"":[[[105.11627141957247,10.746069433838885],[105.16204889892576,10.746069433838885],[105.16204889892576,10.791041413770545],[105.11627141957247,10.791041413770545],[105.11627141957247,10.746069433838885]]]}"
563,6488,3850,13,"{""geodesic"":false,""type"":""Polygon"",""coordinates"":[[[105.11627155084348,10.702891827059423],[105.16204876765475,10.702891827059423],[105.16204876765475,10.747869978955759],[105.11627155084348,10.747869978955759],[105.11627155084348,10.702891827059423]]]}"
564,6488,3851,13,"{""geodesic"":false,""type"":""Polygon"",""coordinates"":[[[105.11627168157563,10.65970806900325],[105.16204863692258,10.65970806900325],[105.16204863692258,10.704692369221224],[105.11627168157563,10.704692369221224],[105.11627168157563,10.65970806900325]]]}"
609,6489,3822,13,"{""geodesic"":false,""type"":""Polygon"",""coordinates"":[[[105.16021298378807,11.909453671157683],[105.20599795971108,11.909453671157683],[105.20599795971108,11.954250135975355],[105.16021298378807,11.954250135975355],[105.16021298378807,11.909453671157683]]]}"
620,6489,3833,13,"{""geodesic"":false,""type"":""Polygon"",""coordinates"":[[[105.16021455839191,11.436055331524942],[105.20599638510724,11.436055331524942],[105.20599638510724,11.480925358951799],[105.16021455839191,11.480925358951799],[105.16021455839191,11.436055331524942]]]}"
630,6489,3843,13,"{""geodesic"":false,""type"":""Polygon"",""coordinates"":[[[105.16021593312713,11.005004575039461],[105.20599501037204,11.005004575039461],[105.20599501037204,11.04993902765831],[105.16021593312713,11.04993902765831],[105.16021593312713,11.005004575039461]]]}"
631,6489,3844,13,"{""geodesic"":false,""type"":""Polygon"",""coordinates"":[[[105.16021606763275,10.961864371766623],[105.20599487586641,10.961864371766623],[105.20599487586641,11.006805137840797],[105.16021606763275,11.006805137840797],[105.16021606763275,10.961864371766623]]]}"
632,6489,3845,13,"{""geodesic"":false,""type"":""Polygon"",""coordinates"":[[[105.16021620159907,10.918717875634314],[105.2059947419001,10.918717875634314],[105.2059947419001,10.96366493162606],[105.16021620159907,10.96366493162606],[105.16021620159907,10.918717875634314]]]}"
633,6489,3846,13,"{""geodesic"":false,""type"":""Polygon"",""coordinates"":[[[105.16021633502616,10.875565110195728],[105.205994608473,10.875565110195728],[105.205994608473,10.920518432549637],[105.16021633502616,10.920518432549637],[105.16021633502616,10.875565110195728]]]}"
634,6489,3847,13,"{""geodesic"":false,""type"":""Polygon"",""coordinates"":[[[105.16021646791413,10.832406099021728],[105.20599447558504,10.832406099021728],[105.20599447558504,10.877365664164723],[105.16021646791413,10.877365664164723],[105.16021646791413,10.832406099021728]]]}"
638,6489,3851,13,"{""geodesic"":false,""type"":""Polygon"",""coordinates"":[[[105.16021699407608,10.65970806900325],[105.20599394942307,10.65970806900325],[105.20599394942307,10.704692369221227],[105.16021699407608,10.704692369221227],[105.16021699407608,10.65970806900325]]]}"
683,6490,3822,13,"{""geodesic"":false,""type"":""Polygon"",""coordinates"":[[[105.20415829628857,11.909453671157685],[105.24994327221154,11.909453671157685],[105.24994327221154,11.954250135975355],[105.20415829628857,11.954250135975355],[105.20415829628857,11.909453671157685]]]}"
694,6490,3833,13,"{""geodesic"":false,""type"":""Polygon"",""coordinates"":[[[105.2041598708924,11.436055331524946],[105.24994169760768,11.436055331524946],[105.24994169760768,11.480925358951797],[105.2041598708924,11.480925358951797],[105.2041598708924,11.436055331524946]]]}"
695,6490,3834,13,"{""geodesic"":false,""type"":""Polygon"",""coordinates"":[[[105.20416001079542,11.392979348349003],[105.24994155770467,11.392979348349003],[105.24994155770467,11.437855923621926],[105.20416001079542,11.437855923621926],[105.20416001079542,11.392979348349003]]]}"
696,6490,3835,13,"{""geodesic"":false,""type"":""Polygon"",""coordinates"":[[[105.20416015015833,11.349896837765078],[105.24994141834176,11.349896837765078],[105.24994141834176,11.394779937526629],[105.20416015015833,11.394779937526629],[105.20416015015833,11.349896837765078]]]}"
697,6490,3836,13,"{""geodesic"":false,""type"":""Polygon"",""coordinates"":[[[105.20416028898123,11.3068078231467],[105.24994127951888,11.3068078231467],[105.24994127951888,11.351697424021058],[105.20416028898123,11.351697424021058],[105.20416028898123,11.3068078231467]]]}"
701,6490,3840,13,"{""geodesic"":false,""type"":""Polygon"",""coordinates"":[[[105.20416083887417,11.134387192434774],[105.24994072962593,11.134387192434774],[105.24994072962593,11.17930256363916],[105.20416083887417,11.17930256363916],[105.20416083887417,11.134387192434774]]]}"
702,6490,3841,13,"{""geodesic"":false,""type"":""Polygon"",""coordinates"":[[[105.20416097499816,11.091266008882354],[105.24994059350193,11.091266008882354],[105.24994059350193,11.136187764048467],[105.20416097499816,11.136187764048467],[105.20416097499816,11.091266008882354]]]}"
703,6490,3842,13,"{""geodesic"":false,""type"":""Polygon"",""coordinates"":[[[105.20416111058262,11.048138461917288],[105.24994045791748,11.048138461917288],[105.24994045791748,11.09306657756083],[105.20416111058262,11.09306657756083],[105.20416111058262,11.048138461917288]]]}"
704,6490,3843,13,"{""geodesic"":false,""type"":""Polygon"",""coordinates"":[[[105.20416124562762,11.005004575039463],[105.24994032287249,11.005004575039463],[105.24994032287249,11.04993902765831],[105.20416124562762,11.04993902765831],[105.20416124562762,11.005004575039463]]]}"
708,6490,3847,13,"{""geodesic"":false,""type"":""Polygon"",""coordinates"":[[[105.20416178041461,10.832406099021727],[105.24993978808548,10.832406099021727],[105.24993978808548,10.877365664164724],[105.20416178041461,10.877365664164724],[105.20416178041461,10.832406099021727]]]}"
709,6490,3848,13,"{""geodesic"":false,""type"":""Polygon"",""coordinates"":[[[105.2041619127635,10.789240865700776],[105.24993965573661,10.789240865700776],[105.24993965573661,10.834206650042207],[105.2041619127635,10.834206650042207],[105.2041619127635,10.789240865700776]]]}"
712,6490,3851,13,"{""geodesic"":false,""type"":""Polygon"",""coordinates"":[[[105.20416230657656,10.659708069003251],[105.24993926192353,10.659708069003251],[105.24993926192353,10.704692369221224],[105.20416230657656,10.704692369221224],[105.20416230657656,10.659708069003251]]]}"
713,6490,3852,13,"{""geodesic"":false,""type"":""Polygon"",""coordinates"":[[[105.20416243676999,10.616518183328584],[105.2499391317301,10.616518183328584],[105.2499391317301,10.661508608207816],[105.20416243676999,10.661508608207816],[105.20416243676999,10.616518183328584]]]}"
714,6490,3853,13,"{""geodesic"":false,""type"":""Polygon"",""coordinates"":[[[105.20416256642473,10.5733221937109],[105.24993900207537,10.5733221937109],[105.24993900207537,10.618318719573752],[105.20416256642473,10.618318719573752],[105.20416256642473,10.5733221937109]]]}"
757,6491,3822,13,"{""geodesic"":false,""type"":""Polygon"",""coordinates"":[[[105.24810360878901,11.909453671157685],[105.29388858471201,11.909453671157685],[105.29388858471201,11.954250135975352],[105.24810360878901,11.954250135975352],[105.24810360878901,11.909453671157685]]]}"
770,6491,3835,13,"{""geodesic"":false,""type"":""Polygon"",""coordinates"":[[[105.24810546265878,11.34989683776508],[105.29388673084225,11.34989683776508],[105.29388673084225,11.39477993752663],[105.24810546265878,11.39477993752663],[105.24810546265878,11.34989683776508]]]}"
771,6491,3836,13,"{""geodesic"":false,""type"":""Polygon"",""coordinates"":[[[105.24810560148167,11.3068078231467],[105.29388659201936,11.3068078231467],[105.29388659201936,11.35169742402106],[105.24810560148167,11.35169742402106],[105.24810560148167,11.3068078231467]]]}"
772,6491,3837,13,"{""geodesic"":false,""type"":""Polygon"",""coordinates"":[[[105.24810573976461,11.263712327885516],[105.2938864537364,11.263712327885516],[105.2938864537364,11.308608406478752],[105.24810573976461,11.308608406478752],[105.24810573976461,11.263712327885516]]]}"
773,6491,3838,13,"{""geodesic"":false,""type"":""Polygon"",""coordinates"":[[[105.2481058775077,11.220610375391432],[105.29388631599332,11.220610375391432],[105.29388631599332,11.26551290829137],[105.2481058775077,11.26551290829137],[105.2481058775077,11.220610375391432]]]}"
774,6491,3839,13,"{""geodesic"":false,""type"":""Polygon"",""coordinates"":[[[105.248106014711,11.177501989092493],[105.29388617879,11.177501989092493],[105.29388617879,11.222410952868822],[105.248106014711,11.222410952868822],[105.248106014711,11.177501989092493]]]}"
775,6491,3840,13,"{""geodesic"":false,""type"":""Polygon"",""coordinates"":[[[105.24810615137461,11.134387192434774],[105.2938860421264,11.134387192434774],[105.2938860421264,11.179302563639157],[105.24810615137461,11.179302563639157],[105.24810615137461,11.134387192434774]]]}"
783,6491,3848,13,"{""geodesic"":false,""type"":""Polygon"",""coordinates"":[[[105.24810722526395,10.789240865700776],[105.29388496823707,10.789240865700776],[105.29388496823707,10.834206650042205],[105.24810722526395,10.834206650042205],[105.24810722526395,10.789240865700776]]]}"
784,6491,3849,13,"{""geodesic"":false,""type"":""Polygon"",""coordinates"":[[[105.24810735707385,10.746069433838885],[105.29388483642717,10.746069433838885],[105.29388483642717,10.791041413770545],[105.24810735707385,10.791041413770545],[105.24810735707385,10.746069433838885]]]}"
788,6491,3853,13,"{""geodesic"":false,""type"":""Polygon"",""coordinates"":[[[105.24810787892517,10.5733221937109],[105.29388431457586,10.5733221937109],[105.29388431457586,10.618318719573752],[105.24810787892517,10.618318719573752],[105.24810787892517,10.5733221937109]]]}"
789,6491,3854,13,"{""geodesic"":false,""type"":""Polygon"",""coordinates"":[[[105.2481080080413,10.530120123842874],[105.29388418545972,10.530120123842874],[105.29388418545972,10.57512272699452],[105.2481080080413,10.57512272699452],[105.2481080080413,10.530120123842874]]]}"
831,6492,3822,13,"{""geodesic"":false,""type"":""Polygon"",""coordinates"":[[[105.29204892128949,11.909453671157685],[105.33783389721242,11.909453671157685],[105.33783389721242,11.954250135975354],[105.29204892128949,11.954250135975354],[105.29204892128949,11.909453671157685]]]}"
857,6492,3848,13,"{""geodesic"":false,""type"":""Polygon"",""coordinates"":[[[105.29205253776442,10.789240865700776],[105.3378302807375,10.789240865700776],[105.3378302807375,10.834206650042207],[105.29205253776442,10.834206650042207],[105.29205253776442,10.789240865700776]]]}"
858,6492,3849,13,"{""geodesic"":false,""type"":""Polygon"",""coordinates"":[[[105.29205266957435,10.746069433838885],[105.33783014892758,10.746069433838885],[105.33783014892758,10.791041413770543],[105.29205266957435,10.791041413770543],[105.29205266957435,10.746069433838885]]]}"
863,6492,3854,13,"{""geodesic"":false,""type"":""Polygon"",""coordinates"":[[[105.29205332054178,10.530120123842876],[105.33782949796014,10.530120123842876],[105.33782949796014,10.575122726994516],[105.29205332054178,10.575122726994516],[105.29205332054178,10.530120123842876]]]}"
864,6492,3855,13,"{""geodesic"":false,""type"":""Polygon"",""coordinates"":[[[105.2920534491194,10.486911997434385],[105.33782936938252,10.486911997434385],[105.33782936938252,10.531920654162791],[105.2920534491194,10.531920654162791],[105.2920534491194,10.486911997434385]]]}"
905,6493,3822,13,"{""geodesic"":false,""type"":""Polygon"",""coordinates"":[[[105.33599423378992,11.909453671157685],[105.3817792097129,11.909453671157685],[105.3817792097129,11.954250135975354],[105.33599423378992,11.954250135975354],[105.33599423378992,11.909453671157685]]]}"
906,6493,3823,13,"{""geodesic"":false,""type"":""Polygon"",""coordinates"":[[[105.33599437963959,11.866451026842759],[105.38177906386323,11.866451026842759],[105.38177906386323,11.911254295214535],[105.33599437963959,11.911254295214535],[105.33599437963959,11.866451026842759]]]}"
931,6493,3848,13,"{""geodesic"":false,""type"":""Polygon"",""coordinates"":[[[105.33599785026486,10.789240865700776],[105.38177559323796,10.789240865700776],[105.38177559323796,10.834206650042207],[105.33599785026486,10.834206650042207],[105.33599785026486,10.789240865700776]]]}"
932,6493,3849,13,"{""geodesic"":false,""type"":""Polygon"",""coordinates"":[[[105.33599798207476,10.746069433838885],[105.38177546142806,10.746069433838885],[105.38177546142806,10.791041413770547],[105.33599798207476,10.791041413770547],[105.33599798207476,10.746069433838885]]]}"
933,6493,3850,13,"{""geodesic"":false,""type"":""Polygon"",""coordinates"":[[[105.33599811334577,10.702891827059423],[105.38177533015707,10.702891827059423],[105.38177533015707,10.747869978955759],[105.33599811334577,10.747869978955759],[105.33599811334577,10.702891827059423]]]}"
934,6493,3851,13,"{""geodesic"":false,""type"":""Polygon"",""coordinates"":[[[105.33599824407793,10.659708069003251],[105.3817751994249,10.659708069003251],[105.3817751994249,10.704692369221224],[105.33599824407793,10.704692369221224],[105.33599824407793,10.659708069003251]]]}"
935,6493,3852,13,"{""geodesic"":false,""type"":""Polygon"",""coordinates"":[[[105.33599837427134,10.616518183328584],[105.38177506923148,10.616518183328584],[105.38177506923148,10.661508608207816],[105.33599837427134,10.661508608207816],[105.33599837427134,10.616518183328584]]]}"
936,6493,3853,13,"{""geodesic"":false,""type"":""Polygon"",""coordinates"":[[[105.33599850392608,10.5733221937109],[105.38177493957674,10.5733221937109],[105.38177493957674,10.61831871957375],[105.33599850392608,10.61831871957375],[105.33599850392608,10.5733221937109]]]}"
937,6493,3854,13,"{""geodesic"":false,""type"":""Polygon"",""coordinates"":[[[105.33599863304221,10.530120123842874],[105.3817748104606,10.530120123842874],[105.3817748104606,10.57512272699452],[105.33599863304221,10.57512272699452],[105.33599863304221,10.530120123842874]]]}"
938,6493,3855,13,"{""geodesic"":false,""type"":""Polygon"",""coordinates"":[[[105.3359987616198,10.486911997434385],[105.381774681883,10.486911997434385],[105.381774681883,10.531920654162791],[105.3359987616198,10.531920654162791],[105.3359987616198,10.486911997434385]]]}"
939,6493,3856,13,"{""geodesic"":false,""type"":""Polygon"",""coordinates"":[[[105.33599888965898,10.443697838212397],[105.38177455384384,10.443697838212397],[105.38177455384384,10.48871252478847],[105.33599888965898,10.48871252478847],[105.33599888965898,10.443697838212397]]]}"
980,6494,3823,13,"{""geodesic"":false,""type"":""Polygon"",""coordinates"":[[[105.37993969214004,11.866451026842759],[105.42572437636369,11.866451026842759],[105.42572437636369,11.911254295214539],[105.37993969214004,11.911254295214539],[105.37993969214004,11.866451026842759]]]}"
1008,6494,3851,13,"{""geodesic"":false,""type"":""Polygon"",""coordinates"":[[[105.37994355657838,10.65970806900325],[105.42572051192536,10.65970806900325],[105.42572051192536,10.704692369221226],[105.37994355657838,10.704692369221226],[105.37994355657838,10.65970806900325]]]}"
1009,6494,3852,13,"{""geodesic"":false,""type"":""Polygon"",""coordinates"":[[[105.37994368677181,10.616518183328584],[105.42572038173195,10.616518183328584],[105.42572038173195,10.661508608207814],[105.37994368677181,10.661508608207814],[105.37994368677181,10.616518183328584]]]}"
1010,6494,3853,13,"{""geodesic"":false,""type"":""Polygon"",""coordinates"":[[[105.37994381642653,10.5733221937109],[105.42572025207721,10.5733221937109],[105.42572025207721,10.61831871957375],[105.37994381642653,10.61831871957375],[105.37994381642653,10.5733221937109]]]}"
1013,6494,3856,13,"{""geodesic"":false,""type"":""Polygon"",""coordinates"":[[[105.37994420215945,10.443697838212397],[105.42571986634431,10.443697838212397],[105.42571986634431,10.488712524788466],[105.37994420215945,10.488712524788466],[105.37994420215945,10.443697838212397]]]}"
1014,6494,3857,13,"{""geodesic"":false,""type"":""Polygon"",""coordinates"":[[[105.37994432966022,10.400477669920864],[105.42571973884353,10.400477669920864],[105.42571973884353,10.445498362598512],[105.37994432966022,10.445498362598512],[105.37994432966022,10.400477669920864]]]}"
1053,6495,3822,13,"{""geodesic"":false,""type"":""Polygon"",""coordinates"":[[[105.42388485879086,11.909453671157683],[105.46966983471384,11.909453671157683],[105.46966983471384,11.954250135975355],[105.42388485879086,11.954250135975355],[105.42388485879086,11.909453671157683]]]}"
1054,6495,3823,13,"{""geodesic"":false,""type"":""Polygon"",""coordinates"":[[[105.42388500464052,11.866451026842759],[105.46966968886416,11.866451026842759],[105.46966968886416,11.911254295214535],[105.42388500464052,11.911254295214535],[105.42388500464052,11.866451026842759]]]}"
1084,6495,3853,13,"{""geodesic"":false,""type"":""Polygon"",""coordinates"":[[[105.423889128927,10.5733221937109],[105.46966556457768,10.5733221937109],[105.46966556457768,10.618318719573752],[105.423889128927,10.618318719573752],[105.423889128927,10.5733221937109]]]}"
1085,6495,3854,13,"{""geodesic"":false,""type"":""Polygon"",""coordinates"":[[[105.42388925804313,10.530120123842874],[105.46966543546154,10.530120123842874],[105.46966543546154,10.575122726994516],[105.42388925804313,10.575122726994516],[105.42388925804313,10.530120123842874]]]}"
1088,6495,3857,13,"{""geodesic"":false,""type"":""Polygon"",""coordinates"":[[[105.4238896421607,10.400477669920864],[105.469665051344,10.400477669920864],[105.469665051344,10.445498362598512],[105.4238896421607,10.445498362598512],[105.4238896421607,10.400477669920864]]]}"
1089,6495,3858,13,"{""geodesic"":false,""type"":""Polygon"",""coordinates"":[[[105.42388976912319,10.357251516320789],[105.4696649243815,10.357251516320789],[105.4696649243815,10.402278191336897],[105.42388976912319,10.402278191336897],[105.42388976912319,10.357251516320789]]]}"
1090,6495,3859,13,"{""geodesic"":false,""type"":""Polygon"",""coordinates"":[[[105.42388989554745,10.314019401190066],[105.46966479795724,10.314019401190066],[105.46966479795724,10.359052034764614],[105.42388989554745,10.359052034764614],[105.42388989554745,10.314019401190066]]]}"
1124,6496,3819,13,"{""geodesic"":false,""type"":""Polygon"",""coordinates"":[[[105.46782973049528,12.038420672924637],[105.51361558801034,12.038420672924637],[105.51361558801034,12.083196588355698],[105.46782973049528,12.083196588355698],[105.46782973049528,12.038420672924637]]]}"
1125,6496,3820,13,"{""geodesic"":false,""type"":""Polygon"",""coordinates"":[[[105.46782987796855,11.995438517320128],[105.51361544053707,11.995438517320128],[105.51361544053707,12.04022130564835],[105.46782987796855,12.04022130564835],[105.46782987796855,11.995438517320128]]]}"
1126,6496,3821,13,"{""geodesic"":false,""type"":""Polygon"",""coordinates"":[[[105.46783002490054,11.952449509027161],[105.51361529360508,11.952449509027161],[105.51361529360508,11.997239147157279],[105.46783002490054,11.997239147157279],[105.46783002490054,11.952449509027161]]]}"
1127,6496,3822,13,"{""geodesic"":false,""type"":""Polygon"",""coordinates"":[[[105.46783017129131,11.909453671157683],[105.51361514721431,11.909453671157683],[105.51361514721431,11.954250135975355],[105.46783017129131,11.954250135975355],[105.46783017129131,11.909453671157683]]]}"
1159,6496,3854,13,"{""geodesic"":false,""type"":""Polygon"",""coordinates"":[[[105.46783457054362,10.530120123842874],[105.51361074796202,10.530120123842874],[105.51361074796202,10.575122726994518],[105.46783457054362,10.575122726994518],[105.46783457054362,10.530120123842874]]]}"
1164,6496,3859,13,"{""geodesic"":false,""type"":""Polygon"",""coordinates"":[[[105.46783520804792,10.314019401190068],[105.51361011045772,10.314019401190068],[105.51361011045772,10.359052034764616],[105.46783520804792,10.359052034764616],[105.46783520804792,10.314019401190068]]]}"
1165,6496,3860,13,"{""geodesic"":false,""type"":""Polygon"",""coordinates"":[[[105.46783533393402,10.270781348323428],[105.5136099845716,10.270781348323428],[105.5136099845716,10.315819916659589],[105.46783533393402,10.315819916659589],[105.46783533393402,10.270781348323428]]]}"
1193,6497,3814,13,"{""geodesic"":false,""type"":""Polygon"",""coordinates"":[[[105.51177429750709,12.253227853042198],[105.55756164599947,12.253227853042198],[105.55756164599947,12.297969058231342],[105.51177429750709,12.297969058231342],[105.51177429750709,12.253227853042198]]]}"
1194,6497,3815,13,"{""geodesic"":false,""type"":""Polygon"",""coordinates"":[[[105.51177444768808,12.21028030688865],[105.55756149581846,12.21028030688865],[105.55756149581846,12.255028500162664],[105.51177444768808,12.255028500162664],[105.51177444768808,12.21028030688865]]]}"
1195,6497,3816,13,"{""geodesic"":false,""type"":""Polygon"",""coordinates"":[[[105.51177459732737,12.167325792774667],[105.55756134617918,12.167325792774667],[105.55756134617918,12.212080951134602],[105.51177459732737,12.212080951134602],[105.51177459732737,12.167325792774667]]]}"
1196,6497,3817,13,"{""geodesic"":false,""type"":""Polygon"",""coordinates"":[[[105.51177474642502,12.124364333715974],[105.55756119708154,12.124364333715974],[105.55756119708154,12.169126434143678],[105.51177474642502,12.169126434143678],[105.51177474642502,12.124364333715974]]]}"
1197,6497,3818,13,"{""geodesic"":false,""type"":""Polygon"",""coordinates"":[[[105.51177489498112,12.081395952747817],[105.55756104852544,12.081395952747817],[105.55756104852544,12.126164972205626],[105.51177489498112,12.126164972205626],[105.51177489498112,12.081395952747817]]]}"
1198,6497,3819,13,"{""geodesic"":false,""type"":""Polygon"",""coordinates"":[[[105.51177504299577,12.038420672924637],[105.55756090051081,12.038420672924637],[105.55756090051081,12.083196588355698],[105.51177504299577,12.083196588355698],[105.51177504299577,12.038420672924637]]]}"
1233,6497,3854,13,"{""geodesic"":false,""type"":""Polygon"",""coordinates"":[[[105.51177988304408,10.530120123842874],[105.55755606046247,10.530120123842874],[105.55755606046247,10.575122726994516],[105.51177988304408,10.575122726994516],[105.51177988304408,10.530120123842874]]]}"
1234,6497,3855,13,"{""geodesic"":false,""type"":""Polygon"",""coordinates"":[[[105.5117800116217,10.486911997434385],[105.55755593188486,10.486911997434385],[105.55755593188486,10.531920654162793],[105.5117800116217,10.531920654162793],[105.5117800116217,10.486911997434385]]]}"
1239,6497,3860,13,"{""geodesic"":false,""type"":""Polygon"",""coordinates"":[[[105.51178064643449,10.270781348323426],[105.55755529707207,10.270781348323426],[105.55755529707207,10.315819916659589],[105.51178064643449,10.315819916659589],[105.51178064643449,10.270781348323426]]]}"
1240,6497,3861,13,"{""geodesic"":false,""type"":""Polygon"",""coordinates"":[[[105.51178077178253,10.227537381532432],[105.55755517172403,10.227537381532432],[105.55755517172403,10.27258186081654],[105.51178077178253,10.27258186081654],[105.51178077178253,10.227537381532432]]]}"
1266,6498,3813,13,"{""geodesic"":false,""type"":""Polygon"",""coordinates"":[[[105.55571945928473,12.296168408238792],[105.60150710922277,12.296168408238792],[105.60150710922277,12.340902602363647],[105.55571945928473,12.340902602363647],[105.55571945928473,12.296168408238792]]]}"
1267,6498,3814,13,"{""geodesic"":false,""type"":""Polygon"",""coordinates"":[[[105.55571961000754,12.253227853042198],[105.60150695849995,12.253227853042198],[105.60150695849995,12.297969058231343],[105.55571961000754,12.297969058231343],[105.55571961000754,12.253227853042198]]]}"
1308,6498,3855,13,"{""geodesic"":false,""type"":""Polygon"",""coordinates"":[[[105.55572532412216,10.486911997434385],[105.60150124438533,10.486911997434385],[105.60150124438533,10.531920654162791],[105.55572532412216,10.531920654162791],[105.55572532412216,10.486911997434385]]]}"
1309,6498,3856,13,"{""geodesic"":false,""type"":""Polygon"",""coordinates"":[[[105.55572545216133,10.443697838212396],[105.60150111634618,10.443697838212396],[105.60150111634618,10.48871252478847],[105.55572545216133,10.48871252478847],[105.55572545216133,10.443697838212396]]]}"
1310,6498,3857,13,"{""geodesic"":false,""type"":""Polygon"",""coordinates"":[[[105.5557255796621,10.400477669920864],[105.6015009888454,10.400477669920864],[105.6015009888454,10.445498362598514],[105.5557255796621,10.445498362598514],[105.5557255796621,10.400477669920864]]]}"
1314,6498,3861,13,"{""geodesic"":false,""type"":""Polygon"",""coordinates"":[[[105.555726084283,10.227537381532432],[105.60150048422452,10.227537381532432],[105.60150048422452,10.272581860816539],[105.555726084283,10.272581860816539],[105.555726084283,10.227537381532432]]]}"
1315,6498,3862,13,"{""geodesic"":false,""type"":""Polygon"",""coordinates"":[[[105.55572620909302,10.18428752464537],[105.60150035941447,10.18428752464537],[105.60150035941447,10.229337891047047],[105.55572620909302,10.229337891047047],[105.55572620909302,10.18428752464537]]]}"
1340,6499,3813,13,"{""geodesic"":false,""type"":""Polygon"",""coordinates"":[[[105.59966477178521,12.296168408238792],[105.64545242172319,12.296168408238792],[105.64545242172319,12.340902602363647],[105.59966477178521,12.340902602363647],[105.59966477178521,12.296168408238792]]]}"
1341,6499,3814,13,"{""geodesic"":false,""type"":""Polygon"",""coordinates"":[[[105.59966492250803,12.253227853042196],[105.64545227100037,12.253227853042196],[105.64545227100037,12.29796905823134],[105.59966492250803,12.29796905823134],[105.59966492250803,12.253227853042196]]]}"
1384,6499,3857,13,"{""geodesic"":false,""type"":""Polygon"",""coordinates"":[[[105.59967089216258,10.400477669920864],[105.64544630134583,10.400477669920864],[105.64544630134583,10.445498362598512],[105.59967089216258,10.445498362598512],[105.59967089216258,10.400477669920864]]]}"
1389,6499,3862,13,"{""geodesic"":false,""type"":""Polygon"",""coordinates"":[[[105.59967152159349,10.18428752464537],[105.6454456719149,10.18428752464537],[105.6454456719149,10.229337891047043],[105.59967152159349,10.229337891047043],[105.59967152159349,10.18428752464537]]]}"
1390,6499,3863,13,"{""geodesic"":false,""type"":""Polygon"",""coordinates"":[[[105.5996716458656,10.141031801507118],[105.6454455476428,10.141031801507118],[105.6454455476428,10.186088031179395],[105.5996716458656,10.186088031179395],[105.5996716458656,10.141031801507118]]]}"
1415,6500,3814,13,"{""geodesic"":false,""type"":""Polygon"",""coordinates"":[[[105.64361023500844,12.253227853042198],[105.68939758350085,12.253227853042198],[105.68939758350085,12.29796905823134],[105.64361023500844,12.29796905823134],[105.64361023500844,12.253227853042198]]]}"
1458,6500,3857,13,"{""geodesic"":false,""type"":""Polygon"",""coordinates"":[[[105.643616204663,10.400477669920862],[105.6893916138463,10.400477669920862],[105.6893916138463,10.445498362598512],[105.643616204663,10.445498362598512],[105.643616204663,10.400477669920862]]]}"
1464,6500,3863,13,"{""geodesic"":false,""type"":""Polygon"",""coordinates"":[[[105.64361695836602,10.14103180150712],[105.68939086014326,10.14103180150712],[105.68939086014326,10.186088031179395],[105.64361695836602,10.186088031179395],[105.64361695836602,10.14103180150712]]]}"
1465,6500,3864,13,"{""geodesic"":false,""type"":""Polygon"",""coordinates"":[[[105.64361708210028,10.097770235979274],[105.68939073640902,10.097770235979274],[105.68939073640902,10.142832305058485],[105.64361708210028,10.142832305058485],[105.64361708210028,10.097770235979274]]]}"
1489,6501,3814,13,"{""geodesic"":false,""type"":""Polygon"",""coordinates"":[[[105.68755554750891,12.2532278530422],[105.73334289600132,12.2532278530422],[105.73334289600132,12.297969058231343],[105.68755554750891,12.297969058231343],[105.68755554750891,12.2532278530422]]]}"
1532,6501,3857,13,"{""geodesic"":false,""type"":""Polygon"",""coordinates"":[[[105.68756151716346,10.400477669920864],[105.73333692634677,10.400477669920864],[105.73333692634677,10.445498362598512],[105.68756151716346,10.445498362598512],[105.68756151716346,10.400477669920864]]]}"
1533,6501,3858,13,"{""geodesic"":false,""type"":""Polygon"",""coordinates"":[[[105.68756164412595,10.357251516320789],[105.73333679938428,10.357251516320789],[105.73333679938428,10.402278191336894],[105.68756164412595,10.402278191336894],[105.68756164412595,10.357251516320789]]]}"
1539,6501,3864,13,"{""geodesic"":false,""type"":""Polygon"",""coordinates"":[[[105.68756239460075,10.097770235979274],[105.73333604890949,10.097770235979274],[105.73333604890949,10.142832305058485],[105.68756239460075,10.142832305058485],[105.68756239460075,10.097770235979274]]]}"
1563,6502,3814,13,"{""geodesic"":false,""type"":""Polygon"",""coordinates"":[[[105.73150086000939,12.253227853042196],[105.77728820850177,12.253227853042196],[105.77728820850177,12.29796905823134],[105.73150086000939,12.29796905823134],[105.73150086000939,12.253227853042196]]]}"
1607,6502,3858,13,"{""geodesic"":false,""type"":""Polygon"",""coordinates"":[[[105.73150695662642,10.357251516320789],[105.77728211188474,10.357251516320789],[105.77728211188474,10.402278191336897],[105.73150695662642,10.402278191336897],[105.73150695662642,10.357251516320789]]]}"
1608,6502,3859,13,"{""geodesic"":false,""type"":""Polygon"",""coordinates"":[[[105.73150708305069,10.314019401190068],[105.77728198546048,10.314019401190068],[105.77728198546048,10.359052034764614],[105.73150708305069,10.359052034764614],[105.73150708305069,10.314019401190068]]]}"
1609,6502,3860,13,"{""geodesic"":false,""type"":""Polygon"",""coordinates"":[[[105.7315072089368,10.270781348323426],[105.77728185957436,10.270781348323426],[105.77728185957436,10.315819916659594],[105.7315072089368,10.315819916659594],[105.7315072089368,10.270781348323426]]]}"
1613,6502,3864,13,"{""geodesic"":false,""type"":""Polygon"",""coordinates"":[[[105.73150770710122,10.097770235979276],[105.77728136140995,10.097770235979276],[105.77728136140995,10.142832305058487],[105.73150770710122,10.142832305058487],[105.73150770710122,10.097770235979276]]]}"
1614,6502,3865,13,"{""geodesic"":false,""type"":""Polygon"",""coordinates"":[[[105.73150783029767,10.054502851939908],[105.77728123821349,10.054502851939908],[105.77728123821349,10.099570736545916],[105.73150783029767,10.099570736545916],[105.73150783029767,10.054502851939908]]]}"
1637,6503,3814,13,"{""geodesic"":false,""type"":""Polygon"",""coordinates"":[[[105.77544617250985,12.253227853042198],[105.82123352100224,12.253227853042198],[105.82123352100224,12.297969058231338],[105.77544617250985,12.297969058231338],[105.77544617250985,12.253227853042198]]]}"
1683,6503,3860,13,"{""geodesic"":false,""type"":""Polygon"",""coordinates"":[[[105.77545252143726,10.270781348323426],[105.82122717207484,10.270781348323426],[105.82122717207484,10.31581991665959],[105.77545252143726,10.31581991665959],[105.77545252143726,10.270781348323426]]]}"
1688,6503,3865,13,"{""geodesic"":false,""type"":""Polygon"",""coordinates"":[[[105.77545314279814,10.054502851939908],[105.82122655071396,10.054502851939908],[105.82122655071396,10.099570736545916],[105.77545314279814,10.099570736545916],[105.77545314279814,10.054502851939908]]]}"
1689,6503,3866,13,"{""geodesic"":false,""type"":""Polygon"",""coordinates"":[[[105.77545326545689,10.011229673283605],[105.8212264280552,10.011229673283605],[105.8212264280552,10.056303349519759],[105.77545326545689,10.056303349519759],[105.77545326545689,10.011229673283605]]]}"
1711,6504,3814,13,"{""geodesic"":false,""type"":""Polygon"",""coordinates"":[[[105.8193914850103,12.2532278530422],[105.86517883350271,12.2532278530422],[105.86517883350271,12.29796905823134],[105.8193914850103,12.29796905823134],[105.8193914850103,12.2532278530422]]]}"
1757,6504,3860,13,"{""geodesic"":false,""type"":""Polygon"",""coordinates"":[[[105.81939783393773,10.270781348323428],[105.8651724845753,10.270781348323428],[105.8651724845753,10.315819916659587],[105.81939783393773,10.315819916659587],[105.81939783393773,10.270781348323428]]]}"
1763,6504,3866,13,"{""geodesic"":false,""type"":""Polygon"",""coordinates"":[[[105.81939857795734,10.011229673283605],[105.86517174055568,10.011229673283605],[105.86517174055568,10.05630334951976],[105.81939857795734,10.05630334951976],[105.81939857795734,10.011229673283605]]]}"
1764,6504,3867,13,"{""geodesic"":false,""type"":""Polygon"",""coordinates"":[[[105.81939870007847,9.967950723921353],[105.86517161843456,9.967950723921353],[105.86517161843456,10.013030167874616],[105.81939870007847,10.013030167874616],[105.81939870007847,9.967950723921353]]]}"
1765,6504,3868,13,"{""geodesic"":false,""type"":""Polygon"",""coordinates"":[[[105.819398821662,9.924666027780516],[105.865171496851,9.924666027780516],[105.865171496851,9.969751215521478],[105.819398821662,9.969751215521478],[105.819398821662,9.924666027780516]]]}"
1785,6505,3814,13,"{""geodesic"":false,""type"":""Polygon"",""coordinates"":[[[105.86333679751078,12.2532278530422],[105.90912414600317,12.2532278530422],[105.90912414600317,12.297969058231343],[105.86333679751078,12.297969058231343],[105.86333679751078,12.2532278530422]]]}"
1831,6505,3860,13,"{""geodesic"":false,""type"":""Polygon"",""coordinates"":[[[105.8633431464382,10.270781348323428],[105.90911779707575,10.270781348323428],[105.90911779707575,10.31581991665959],[105.8633431464382,10.31581991665959],[105.8633431464382,10.270781348323428]]]}"
1839,6505,3868,13,"{""geodesic"":false,""type"":""Polygon"",""coordinates"":[[[105.86334413416249,9.924666027780518],[105.90911680935146,9.924666027780518],[105.90911680935146,9.969751215521477],[105.86334413416249,9.969751215521477],[105.86334413416249,9.924666027780518]]]}"
1859,6506,3814,13,"{""geodesic"":false,""type"":""Polygon"",""coordinates"":[[[105.90728211001124,12.253227853042198],[105.95306945850362,12.253227853042198],[105.95306945850362,12.297969058231342],[105.90728211001124,12.297969058231342],[105.90728211001124,12.253227853042198]]]}"
1905,6506,3860,13,"{""geodesic"":false,""type"":""Polygon"",""coordinates"":[[[105.90728845893864,10.270781348323428],[105.9530631095762,10.270781348323428],[105.9530631095762,10.315819916659589],[105.90728845893864,10.315819916659589],[105.90728845893864,10.270781348323428]]]}"
1913,6506,3868,13,"{""geodesic"":false,""type"":""Polygon"",""coordinates"":[[[105.90728944666293,9.924666027780516],[105.95306212185191,9.924666027780516],[105.95306212185191,9.969751215521478],[105.90728944666293,9.969751215521478],[105.90728944666293,9.924666027780516]]]}"
1914,6506,3869,13,"{""geodesic"":false,""type"":""Polygon"",""coordinates"":[[[105.907289567709,9.88137560880479],[105.95306200080586,9.88137560880479],[105.95306200080586,9.926466516387721],[105.907289567709,9.926466516387721],[105.907289567709,9.88137560880479]]]}"
1933,6507,3814,13,"{""geodesic"":false,""type"":""Polygon"",""coordinates"":[[[105.95122742251168,12.253227853042198],[105.99701477100407,12.253227853042198],[105.99701477100407,12.29796905823134],[105.95122742251168,12.29796905823134],[105.95122742251168,12.253227853042198]]]}"
1934,6507,3815,13,"{""geodesic"":false,""type"":""Polygon"",""coordinates"":[[[105.95122757269269,12.210280306888652],[105.99701462082307,12.210280306888652],[105.99701462082307,12.255028500162663],[105.95122757269269,12.255028500162663],[105.95122757269269,12.210280306888652]]]}"
1935,6507,3816,13,"{""geodesic"":false,""type"":""Polygon"",""coordinates"":[[[105.95122772233198,12.167325792774667],[105.99701447118379,12.167325792774667],[105.99701447118379,12.212080951134604],[105.95122772233198,12.212080951134604],[105.95122772233198,12.167325792774667]]]}"
1978,6507,3859,13,"{""geodesic"":false,""type"":""Polygon"",""coordinates"":[[[105.95123364555299,10.314019401190068],[105.99700854796278,10.314019401190068],[105.99700854796278,10.359052034764616],[105.95123364555299,10.359052034764616],[105.95123364555299,10.314019401190068]]]}"
1979,6507,3860,13,"{""geodesic"":false,""type"":""Polygon"",""coordinates"":[[[105.95123377143909,10.270781348323428],[105.99700842207666,10.270781348323428],[105.99700842207666,10.315819916659592],[105.95123377143909,10.315819916659592],[105.95123377143909,10.270781348323428]]]}"
1980,6507,3861,13,"{""geodesic"":false,""type"":""Polygon"",""coordinates"":[[[105.95123389678713,10.227537381532434],[105.99700829672864,10.227537381532434],[105.99700829672864,10.27258186081654],[105.95123389678713,10.27258186081654],[105.95123389678713,10.227537381532434]]]}"
1988,6507,3869,13,"{""geodesic"":false,""type"":""Polygon"",""coordinates"":[[[105.95123488020944,9.881375608804792],[105.99700731330633,9.881375608804792],[105.99700731330633,9.926466516387721],[105.95123488020944,9.926466516387721],[105.95123488020944,9.881375608804792]]]}"
1989,6507,3870,13,"{""geodesic"":false,""type"":""Polygon"",""coordinates"":[[[105.95123500071807,9.838079490953977],[105.9970071927977,9.838079490953977],[105.9970071927977,9.883176094417042],[105.95123500071807,9.883176094417042],[105.95123500071807,9.838079490953977]]]}"
1998,6508,3805,13,"{""geodesic"":false,""type"":""Polygon"",""coordinates"":[[[105.9951713589909,12.639438422232937],[106.0409614595258,12.639438422232937],[106.0409614595258,12.68411502602802],[105.9951713589909,12.68411502602802],[105.9951713589909,12.639438422232937]]]}"
1999,6508,3806,13,"{""geodesic"":false,""type"":""Polygon"",""coordinates"":[[[105.99517151405142,12.596554620218004],[106.04096130446528,12.596554620218004],[106.04096130446528,12.641239095113786],[105.99517151405142,12.641239095113786],[105.99517151405142,12.596554620218004]]]}"
2000,6508,3807,13,"{""geodesic"":false,""type"":""Polygon"",""coordinates"":[[[105.99517166856941,12.553663643979506],[106.0409611499473,12.553663643979506],[106.0409611499473,12.598355290246468],[105.99517166856941,12.598355290246468],[105.99517166856941,12.553663643979506]]]}"
2001,6508,3808,13,"{""geodesic"":false,""type"":""Polygon"",""coordinates"":[[[105.99517182254498,12.510765516356736],[106.04096099597173,12.510765516356736],[106.04096099597173,12.555464311153106],[105.99517182254498,12.555464311153106],[105.99517182254498,12.510765516356736]]]}"
2002,6508,3809,13,"{""geodesic"":false,""type"":""Polygon"",""coordinates"":[[[105.99517197597818,12.467860260208774],[106.04096084253851,12.467860260208774],[106.04096084253851,12.512566180672986],[105.99517197597818,12.512566180672986],[105.99517197597818,12.467860260208774]]]}"
2003,6508,3810,13,"{""geodesic"":false,""type"":""Polygon"",""coordinates"":[[[105.99517212886913,12.424947898414569],[106.04096068964758,12.424947898414569],[106.04096068964758,12.4696609216652],[105.99517212886913,12.4696609216652],[105.99517212886913,12.424947898414569]]]}"
2004,6508,3811,13,"{""geodesic"":false,""type"":""Polygon"",""coordinates"":[[[105.9951722812179,12.382028453872682],[106.04096053729879,12.382028453872682],[106.04096053729879,12.426748557008706],[105.9951722812179,12.426748557008706],[105.9951722812179,12.382028453872682]]]}"
2005,6508,3812,13,"{""geodesic"":false,""type"":""Polygon"",""coordinates"":[[[105.99517243302462,12.339101949501455],[106.04096038549208,12.339101949501455],[106.04096038549208,12.383829109602075],[105.99517243302462,12.383829109602075],[105.99517243302462,12.339101949501455]]]}"
2006,6508,3813,13,"{""geodesic"":false,""type"":""Polygon"",""coordinates"":[[[105.99517258428934,12.296168408238792],[106.04096023422737,12.296168408238792],[106.04096023422737,12.340902602363647],[105.99517258428934,12.340902602363647],[105.99517258428934,12.296168408238792]]]}"
2007,6508,3814,13,"{""geodesic"":false,""type"":""Polygon"",""coordinates"":[[[105.99517273501215,12.253227853042196],[106.04096008350456,12.253227853042196],[106.04096008350456,12.29796905823134],[105.99517273501215,12.29796905823134],[105.99517273501215,12.253227853042196]]]}"
2052,6508,3859,13,"{""geodesic"":false,""type"":""Polygon"",""coordinates"":[[[105.99517895805344,10.314019401190068],[106.04095386046325,10.314019401190068],[106.04095386046325,10.359052034764614],[105.99517895805344,10.359052034764614],[105.99517895805344,10.314019401190068]]]}"
2053,6508,3860,13,"{""geodesic"":false,""type"":""Polygon"",""coordinates"":[[[105.99517908393956,10.270781348323428],[106.04095373457714,10.270781348323428],[106.04095373457714,10.315819916659589],[105.99517908393956,10.315819916659589],[105.99517908393956,10.270781348323428]]]}"
2054,6508,3861,13,"{""geodesic"":false,""type"":""Polygon"",""coordinates"":[[[105.99517920928758,10.227537381532432],[106.0409536092291,10.227537381532432],[106.0409536092291,10.272581860816539],[105.99517920928758,10.272581860816539],[105.99517920928758,10.227537381532432]]]}"
2063,6508,3870,13,"{""geodesic"":false,""type"":""Polygon"",""coordinates"":[[[105.99518031321853,9.838079490953977],[106.04095250529816,9.838079490953977],[106.04095250529816,9.883176094417038],[105.99518031321853,9.883176094417038],[105.99518031321853,9.838079490953977]]]}"
2064,6508,3871,13,"{""geodesic"":false,""type"":""Polygon"",""coordinates"":[[[105.9951804331898,9.794777698204143],[106.0409523853269,9.794777698204143],[106.0409523853269,9.83987997356925],[105.9951804331898,9.83987997356925],[105.9951804331898,9.794777698204143]]]}"
2077,6509,3810,13,"{""geodesic"":false,""type"":""Polygon"",""coordinates"":[[[106.0391174413696,12.424947898414567],[106.08490600214803,12.424947898414567],[106.08490600214803,12.469660921665202],[106.0391174413696,12.469660921665202],[106.0391174413696,12.424947898414567]]]}"
2127,6509,3860,13,"{""geodesic"":false,""type"":""Polygon"",""coordinates"":[[[106.03912439644003,10.270781348323426],[106.0848990470776,10.270781348323426],[106.0848990470776,10.315819916659587],[106.03912439644003,10.315819916659587],[106.03912439644003,10.270781348323426]]]}"
2128,6509,3861,13,"{""geodesic"":false,""type"":""Polygon"",""coordinates"":[[[106.03912452178807,10.227537381532432],[106.08489892172958,10.227537381532432],[106.08489892172958,10.272581860816537],[106.03912452178807,10.272581860816537],[106.03912452178807,10.227537381532432]]]}"
2138,6509,3871,13,"{""geodesic"":false,""type"":""Polygon"",""coordinates"":[[[106.03912574569027,9.794777698204141],[106.08489769782736,9.794777698204141],[106.08489769782736,9.839879973569252],[106.03912574569027,9.839879973569252],[106.03912574569027,9.794777698204141]]]}"
2139,6509,3872,13,"{""geodesic"":false,""type"":""Polygon"",""coordinates"":[[[106.03912586512426,9.751470254547476],[106.08489757839337,9.751470254547476],[106.08489757839337,9.796578177820432],[106.03912586512426,9.796578177820432],[106.03912586512426,9.751470254547476]]]}"
2140,6509,3873,13,"{""geodesic"":false,""type"":""Polygon"",""coordinates"":[[[106.03912598402106,9.708157183992183],[106.08489745949659,9.708157183992183],[106.08489745949659,9.753270731162772],[106.03912598402106,9.753270731162772],[106.03912598402106,9.708157183992183]]]}"
2151,6510,3810,13,"{""geodesic"":false,""type"":""Polygon"",""coordinates"":[[[106.08306275387005,12.424947898414567],[106.1288513146485,12.424947898414567],[106.1288513146485,12.469660921665204],[106.08306275387005,12.469660921665204],[106.08306275387005,12.424947898414567]]]}"
2201,6510,3860,13,"{""geodesic"":false,""type"":""Polygon"",""coordinates"":[[[106.08306970894049,10.270781348323426],[106.12884435957808,10.270781348323426],[106.12884435957808,10.31581991665959],[106.08306970894049,10.31581991665959],[106.08306970894049,10.270781348323426]]]}"
2202,6510,3861,13,"{""geodesic"":false,""type"":""Polygon"",""coordinates"":[[[106.08306983428852,10.227537381532432],[106.12884423423004,10.227537381532432],[106.12884423423004,10.27258186081654],[106.08306983428852,10.27258186081654],[106.08306983428852,10.227537381532432]]]}"
2213,6510,3872,13,"{""geodesic"":false,""type"":""Polygon"",""coordinates"":[[[106.08307117762473,9.751470254547476],[106.12884289089382,9.751470254547476],[106.12884289089382,9.796578177820432],[106.08307117762473,9.796578177820432],[106.08307117762473,9.751470254547476]]]}"
2214,6510,3873,13,"{""geodesic"":false,""type"":""Polygon"",""coordinates"":[[[106.08307129652151,9.708157183992181],[106.12884277199704,9.708157183992181],[106.12884277199704,9.753270731162775],[106.08307129652151,9.753270731162775],[106.08307129652151,9.708157183992181]]]}"
2215,6510,3874,13,"{""geodesic"":false,""type"":""Polygon"",""coordinates"":[[[106.08307141488116,9.664838510562417],[106.1288426536374,9.664838510562417],[106.1288426536374,9.709957657604487],[106.08307141488116,9.709957657604487],[106.08307141488116,9.664838510562417]]]}"
2216,6510,3875,13,"{""geodesic"":false,""type"":""Polygon"",""coordinates"":[[[106.08307153270373,9.621514258298346],[106.12884253581484,9.621514258298346],[106.12884253581484,9.666638981169744],[106.08307153270373,9.666638981169744],[106.08307153270373,9.621514258298346]]]}"
2275,6511,3860,13,"{""geodesic"":false,""type"":""Polygon"",""coordinates"":[[[106.12701502144097,10.270781348323426],[106.17278967207854,10.270781348323426],[106.17278967207854,10.315819916659587],[106.12701502144097,10.315819916659587],[106.12701502144097,10.270781348323426]]]}"
2276,6511,3861,13,"{""geodesic"":false,""type"":""Polygon"",""coordinates"":[[[106.12701514678899,10.227537381532432],[106.17278954673051,10.227537381532432],[106.17278954673051,10.27258186081654],[106.12701514678899,10.27258186081654],[106.12701514678899,10.227537381532432]]]}"
2277,6511,3862,13,"{""geodesic"":false,""type"":""Polygon"",""coordinates"":[[[106.12701527159902,10.18428752464537],[106.17278942192048,10.18428752464537],[106.17278942192048,10.229337891047045],[106.12701527159902,10.229337891047045],[106.12701527159902,10.18428752464537]]]}"
2278,6511,3863,13,"{""geodesic"":false,""type"":""Polygon"",""coordinates"":[[[106.12701539587113,10.141031801507118],[106.17278929764838,10.141031801507118],[106.17278929764838,10.186088031179398],[106.12701539587113,10.186088031179398],[106.12701539587113,10.141031801507118]]]}"
2288,6511,3873,13,"{""geodesic"":false,""type"":""Polygon"",""coordinates"":[[[106.12701660902198,9.708157183992183],[106.17278808449753,9.708157183992183],[106.17278808449753,9.75327073116277],[106.12701660902198,9.75327073116277],[106.12701660902198,9.708157183992183]]]}"
2289,6511,3874,13,"{""geodesic"":false,""type"":""Polygon"",""coordinates"":[[[106.12701672738162,9.664838510562417],[106.17278796613789,9.664838510562417],[106.17278796613789,9.709957657604484],[106.12701672738162,9.709957657604484],[106.12701672738162,9.664838510562417]]]}"
2290,6511,3875,13,"{""geodesic"":false,""type"":""Polygon"",""coordinates"":[[[106.12701684520418,9.621514258298346],[106.17278784831532,9.621514258298346],[106.17278784831532,9.666638981169744],[106.12701684520418,9.666638981169744],[106.12701684520418,9.621514258298346]]]}"
2291,6511,3876,13,"{""geodesic"":false,""type"":""Polygon"",""coordinates"":[[[106.12701696248975,9.578184451255858],[106.17278773102976,9.578184451255858],[106.17278773102976,9.623314725898712],[106.12701696248975,9.623314725898712],[106.12701696248975,9.578184451255858]]]}"
2348,6512,3859,13,"{""geodesic"":false,""type"":""Polygon"",""coordinates"":[[[106.17096020805532,10.314019401190068],[106.21673511046511,10.314019401190068],[106.21673511046511,10.359052034764614],[106.17096020805532,10.359052034764614],[106.17096020805532,10.314019401190068]]]}"
2349,6512,3860,13,"{""geodesic"":false,""type"":""Polygon"",""coordinates"":[[[106.17096033394144,10.270781348323428],[106.21673498457899,10.270781348323428],[106.21673498457899,10.315819916659589],[106.17096033394144,10.315819916659589],[106.17096033394144,10.270781348323428]]]}"
2350,6512,3861,13,"{""geodesic"":false,""type"":""Polygon"",""coordinates"":[[[106.17096045928946,10.227537381532432],[106.21673485923097,10.227537381532432],[106.21673485923097,10.272581860816542],[106.17096045928946,10.272581860816542],[106.17096045928946,10.227537381532432]]]}"
2352,6512,3863,13,"{""geodesic"":false,""type"":""Polygon"",""coordinates"":[[[106.17096070837161,10.141031801507118],[106.21673461014883,10.141031801507118],[106.21673461014883,10.186088031179397],[106.17096070837161,10.186088031179397],[106.17096070837161,10.141031801507118]]]}"
2353,6512,3864,13,"{""geodesic"":false,""type"":""Polygon"",""coordinates"":[[[106.17096083210585,10.097770235979276],[106.21673448641458,10.097770235979276],[106.21673448641458,10.142832305058485],[106.17096083210585,10.142832305058485],[106.17096083210585,10.097770235979276]]]}"
2363,6512,3874,13,"{""geodesic"":false,""type"":""Polygon"",""coordinates"":[[[106.1709620398821,9.664838510562417],[106.21673327863833,9.664838510562417],[106.21673327863833,9.709957657604486],[106.1709620398821,9.709957657604486],[106.1709620398821,9.664838510562417]]]}"
2364,6512,3875,13,"{""geodesic"":false,""type"":""Polygon"",""coordinates"":[[[106.17096215770466,9.621514258298346],[106.21673316081576,9.621514258298346],[106.21673316081576,9.666638981169742],[106.17096215770466,9.666638981169742],[106.17096215770466,9.621514258298346]]]}"
2365,6512,3876,13,"{""geodesic"":false,""type"":""Polygon"",""coordinates"":[[[106.1709622749902,9.578184451255858],[106.21673304353021,9.578184451255858],[106.21673304353021,9.62331472589871],[106.1709622749902,9.62331472589871],[106.1709622749902,9.578184451255858]]]}"
2366,6512,3877,13,"{""geodesic"":false,""type"":""Polygon"",""coordinates"":[[[106.17096239173884,9.534849113506718],[106.21673292678159,9.534849113506718],[106.21673292678159,9.579984915847286],[106.17096239173884,9.579984915847286],[106.17096239173884,9.534849113506718]]]}"
2367,6512,3878,13,"{""geodesic"":false,""type"":""Polygon"",""coordinates"":[[[106.1709625079506,9.4915082691384],[106.21673281056982,9.4915082691384],[106.21673281056982,9.536649575087239],[106.1709625079506,9.536649575087239],[106.1709625079506,9.4915082691384]]]}"
2422,6513,3859,13,"{""geodesic"":false,""type"":""Polygon"",""coordinates"":[[[106.21490552055577,10.314019401190068],[106.26068042296555,10.314019401190068],[106.26068042296555,10.359052034764614],[106.21490552055577,10.359052034764614],[106.21490552055577,10.314019401190068]]]}"
2424,6513,3861,13,"{""geodesic"":false,""type"":""Polygon"",""coordinates"":[[[106.21490577178992,10.227537381532432],[106.26068017173141,10.227537381532432],[106.26068017173141,10.272581860816539],[106.21490577178992,10.272581860816539],[106.21490577178992,10.227537381532432]]]}"
2427,6513,3864,13,"{""geodesic"":false,""type"":""Polygon"",""coordinates"":[[[106.2149061446063,10.097770235979274],[106.26067979891502,10.097770235979274],[106.26067979891502,10.142832305058487],[106.2149061446063,10.142832305058487],[106.2149061446063,10.097770235979274]]]}"
2428,6513,3865,13,"{""geodesic"":false,""type"":""Polygon"",""coordinates"":[[[106.21490626780276,10.054502851939906],[106.26067967571856,10.054502851939906],[106.26067967571856,10.099570736545918],[106.21490626780276,10.099570736545918],[106.21490626780276,10.054502851939906]]]}"
2438,6513,3875,13,"{""geodesic"":false,""type"":""Polygon"",""coordinates"":[[[106.2149074702051,9.621514258298346],[106.26067847331622,9.621514258298346],[106.26067847331622,9.666638981169742],[106.2149074702051,9.666638981169742],[106.2149074702051,9.621514258298346]]]}"
2439,6513,3876,13,"{""geodesic"":false,""type"":""Polygon"",""coordinates"":[[[106.21490758749067,9.578184451255856],[106.26067835603065,9.578184451255856],[106.26067835603065,9.62331472589871],[106.21490758749067,9.62331472589871],[106.21490758749067,9.578184451255856]]]}"
2441,6513,3878,13,"{""geodesic"":false,""type"":""Polygon"",""coordinates"":[[[106.21490782045106,9.491508269138402],[106.26067812307026,9.491508269138402],[106.26067812307026,9.53664957508724],[106.21490782045106,9.53664957508724],[106.21490782045106,9.491508269138402]]]}"
2496,6514,3859,13,"{""geodesic"":false,""type"":""Polygon"",""coordinates"":[[[106.25885083305623,10.314019401190068],[106.30462573546603,10.314019401190068],[106.30462573546603,10.359052034764618],[106.25885083305623,10.359052034764618],[106.25885083305623,10.314019401190068]]]}"
2498,6514,3861,13,"{""geodesic"":false,""type"":""Polygon"",""coordinates"":[[[106.25885108429038,10.227537381532432],[106.30462548423189,10.227537381532432],[106.30462548423189,10.272581860816539],[106.25885108429038,10.272581860816539],[106.25885108429038,10.227537381532432]]]}"
2502,6514,3865,13,"{""geodesic"":false,""type"":""Polygon"",""coordinates"":[[[106.25885158030322,10.054502851939908],[106.30462498821905,10.054502851939908],[106.30462498821905,10.099570736545914],[106.25885158030322,10.099570736545914],[106.25885158030322,10.054502851939908]]]}"
2503,6514,3866,13,"{""geodesic"":false,""type"":""Polygon"",""coordinates"":[[[106.25885170296196,10.011229673283605],[106.30462486556029,10.011229673283605],[106.30462486556029,10.05630334951976],[106.25885170296196,10.05630334951976],[106.25885170296196,10.011229673283605]]]}"
2513,6514,3876,13,"{""geodesic"":false,""type"":""Polygon"",""coordinates"":[[[106.25885289999111,9.578184451255856],[106.30462366853114,9.578184451255856],[106.30462366853114,9.623314725898712],[106.25885289999111,9.623314725898712],[106.25885289999111,9.578184451255856]]]}"
2570,6515,3859,13,"{""geodesic"":false,""type"":""Polygon"",""coordinates"":[[[106.3027961455567,10.314019401190066],[106.34857104796649,10.314019401190066],[106.34857104796649,10.359052034764614],[106.3027961455567,10.359052034764614],[106.3027961455567,10.314019401190066]]]}"
2572,6515,3861,13,"{""geodesic"":false,""type"":""Polygon"",""coordinates"":[[[106.30279639679084,10.227537381532434],[106.34857079673235,10.227537381532434],[106.34857079673235,10.272581860816539],[106.30279639679084,10.272581860816539],[106.30279639679084,10.227537381532434]]]}"
2573,6515,3862,13,"{""geodesic"":false,""type"":""Polygon"",""coordinates"":[[[106.30279652160088,10.18428752464537],[106.3485706719223,10.18428752464537],[106.3485706719223,10.229337891047045],[106.30279652160088,10.229337891047045],[106.30279652160088,10.18428752464537]]]}"
2577,6515,3866,13,"{""geodesic"":false,""type"":""Polygon"",""coordinates"":[[[106.30279701546245,10.011229673283605],[106.34857017806075,10.011229673283605],[106.34857017806075,10.05630334951976],[106.30279701546245,10.05630334951976],[106.30279701546245,10.011229673283605]]]}"
2578,6515,3867,13,"{""geodesic"":false,""type"":""Polygon"",""coordinates"":[[[106.30279713758355,9.967950723921351],[106.34857005593963,9.967950723921351],[106.34857005593963,10.013030167874614],[106.30279713758355,10.013030167874614],[106.30279713758355,9.967950723921351]]]}"
2644,6516,3859,13,"{""geodesic"":false,""type"":""Polygon"",""coordinates"":[[[106.34674145805715,10.314019401190068],[106.39251636046698,10.314019401190068],[106.39251636046698,10.359052034764616],[106.34674145805715,10.359052034764616],[106.34674145805715,10.314019401190068]]]}"
2647,6516,3862,13,"{""geodesic"":false,""type"":""Polygon"",""coordinates"":[[[106.34674183410134,10.18428752464537],[106.39251598442279,10.18428752464537],[106.39251598442279,10.229337891047045],[106.34674183410134,10.229337891047045],[106.34674183410134,10.18428752464537]]]}"
2648,6516,3863,13,"{""geodesic"":false,""type"":""Polygon"",""coordinates"":[[[106.34674195837344,10.141031801507118],[106.3925158601507,10.141031801507118],[106.3925158601507,10.186088031179397],[106.34674195837344,10.186088031179397],[106.34674195837344,10.141031801507118]]]}"
2649,6516,3864,13,"{""geodesic"":false,""type"":""Polygon"",""coordinates"":[[[106.3467420821077,10.097770235979276],[106.39251573641646,10.097770235979276],[106.39251573641646,10.142832305058485],[106.3467420821077,10.142832305058485],[106.3467420821077,10.097770235979276]]]}"
2652,6516,3867,13,"{""geodesic"":false,""type"":""Polygon"",""coordinates"":[[[106.34674245008401,9.967950723921351],[106.39251536844012,9.967950723921351],[106.39251536844012,10.013030167874616],[106.34674245008401,10.013030167874616],[106.34674245008401,9.967950723921351]]]}"
2653,6516,3868,13,"{""geodesic"":false,""type"":""Polygon"",""coordinates"":[[[106.34674257166756,9.924666027780516],[106.39251524685658,9.924666027780516],[106.39251524685658,9.96975121552148],[106.34674257166756,9.96975121552148],[106.34674257166756,9.924666027780516]]]}"
2718,6517,3859,13,"{""geodesic"":false,""type"":""Polygon"",""coordinates"":[[[106.39068677055764,10.314019401190068],[106.43646167296741,10.314019401190068],[106.43646167296741,10.359052034764616],[106.39068677055764,10.359052034764616],[106.39068677055764,10.314019401190068]]]}"
2719,6517,3860,13,"{""geodesic"":false,""type"":""Polygon"",""coordinates"":[[[106.39068689644374,10.270781348323428],[106.43646154708131,10.270781348323428],[106.43646154708131,10.315819916659589],[106.39068689644374,10.315819916659589],[106.39068689644374,10.270781348323428]]]}"
2723,6517,3864,13,"{""geodesic"":false,""type"":""Polygon"",""coordinates"":[[[106.39068739460816,10.097770235979276],[106.43646104891688,10.097770235979276],[106.43646104891688,10.142832305058487],[106.39068739460816,10.142832305058487],[106.39068739460816,10.097770235979276]]]}"
2724,6517,3865,13,"{""geodesic"":false,""type"":""Polygon"",""coordinates"":[[[106.39068751780462,10.054502851939908],[106.43646092572043,10.054502851939908],[106.43646092572043,10.099570736545914],[106.39068751780462,10.099570736545914],[106.39068751780462,10.054502851939908]]]}"
2726,6517,3867,13,"{""geodesic"":false,""type"":""Polygon"",""coordinates"":[[[106.39068776258449,9.967950723921351],[106.43646068094057,9.967950723921351],[106.43646068094057,10.013030167874616],[106.39068776258449,10.013030167874616],[106.39068776258449,9.967950723921351]]]}"
2727,6517,3868,13,"{""geodesic"":false,""type"":""Polygon"",""coordinates"":[[[106.39068788416803,9.924666027780518],[106.436460559357,9.924666027780518],[106.436460559357,9.969751215521478],[106.39068788416803,9.969751215521478],[106.39068788416803,9.924666027780518]]]}"
2728,6517,3869,13,"{""geodesic"":false,""type"":""Polygon"",""coordinates"":[[[106.39068800521409,9.88137560880479],[106.43646043831096,9.88137560880479],[106.43646043831096,9.926466516387718],[106.39068800521409,9.926466516387718],[106.39068800521409,9.88137560880479]]]}"
2793,6518,3860,13,"{""geodesic"":false,""type"":""Polygon"",""coordinates"":[[[106.43463220894421,10.270781348323426],[106.48040685958175,10.270781348323426],[106.48040685958175,10.315819916659589],[106.43463220894421,10.315819916659589],[106.43463220894421,10.270781348323426]]]}"
2798,6518,3865,13,"{""geodesic"":false,""type"":""Polygon"",""coordinates"":[[[106.43463283030508,10.054502851939908],[106.48040623822087,10.054502851939908],[106.48040623822087,10.099570736545918],[106.43463283030508,10.099570736545918],[106.43463283030508,10.054502851939908]]]}"
2799,6518,3866,13,"{""geodesic"":false,""type"":""Polygon"",""coordinates"":[[[106.43463295296382,10.011229673283605],[106.48040611556212,10.011229673283605],[106.48040611556212,10.056303349519759],[106.43463295296382,10.056303349519759],[106.43463295296382,10.011229673283605]]]}"
2801,6518,3868,13,"{""geodesic"":false,""type"":""Polygon"",""coordinates"":[[[106.43463319666849,9.924666027780518],[106.48040587185744,9.924666027780518],[106.48040587185744,9.969751215521477],[106.43463319666849,9.969751215521477],[106.43463319666849,9.924666027780518]]]}"
2802,6518,3869,13,"{""geodesic"":false,""type"":""Polygon"",""coordinates"":[[[106.43463331771454,9.881375608804792],[106.4804057508114,9.881375608804792],[106.4804057508114,9.92646651638772],[106.43463331771454,9.92646651638772],[106.43463331771454,9.881375608804792]]]}"
2803,6518,3870,13,"{""geodesic"":false,""type"":""Polygon"",""coordinates"":[[[106.43463343822317,9.838079490953975],[106.48040563030277,9.838079490953975],[106.48040563030277,9.88317609441704],[106.43463343822317,9.88317609441704],[106.43463343822317,9.838079490953975]]]}"
2867,6519,3860,13,"{""geodesic"":false,""type"":""Polygon"",""coordinates"":[[[106.47857752144463,10.270781348323426],[106.52435217208222,10.270781348323426],[106.52435217208222,10.315819916659587],[106.47857752144463,10.315819916659587],[106.47857752144463,10.270781348323426]]]}"
2868,6519,3861,13,"{""geodesic"":false,""type"":""Polygon"",""coordinates"":[[[106.47857764679267,10.227537381532432],[106.5243520467342,10.227537381532432],[106.5243520467342,10.272581860816539],[106.47857764679267,10.272581860816539],[106.47857764679267,10.227537381532432]]]}"
2873,6519,3866,13,"{""geodesic"":false,""type"":""Polygon"",""coordinates"":[[[106.47857826546426,10.011229673283605],[106.52435142806259,10.011229673283605],[106.52435142806259,10.05630334951976],[106.47857826546426,10.05630334951976],[106.47857826546426,10.011229673283605]]]}"
2874,6519,3867,13,"{""geodesic"":false,""type"":""Polygon"",""coordinates"":[[[106.47857838758537,9.967950723921351],[106.52435130594148,9.967950723921351],[106.52435130594148,10.013030167874613],[106.47857838758537,10.013030167874613],[106.47857838758537,9.967950723921351]]]}"
2876,6519,3869,13,"{""geodesic"":false,""type"":""Polygon"",""coordinates"":[[[106.47857863021498,9.881375608804792],[106.52435106331187,9.881375608804792],[106.52435106331187,9.92646651638772],[106.47857863021498,9.92646651638772],[106.47857863021498,9.881375608804792]]]}"
2877,6519,3870,13,"{""geodesic"":false,""type"":""Polygon"",""coordinates"":[[[106.4785787507236,9.838079490953975],[106.52435094280325,9.838079490953975],[106.52435094280325,9.883176094417042],[106.4785787507236,9.883176094417042],[106.4785787507236,9.838079490953975]]]}"
2878,6519,3871,13,"{""geodesic"":false,""type"":""Polygon"",""coordinates"":[[[106.47857887069488,9.794777698204143],[106.52435082283196,9.794777698204143],[106.52435082283196,9.839879973569252],[106.47857887069488,9.839879973569252],[106.47857887069488,9.794777698204143]]]}"
2941,6520,3860,13,"{""geodesic"":false,""type"":""Polygon"",""coordinates"":[[[106.5225228339451,10.270781348323426],[106.56829748458267,10.270781348323426],[106.56829748458267,10.315819916659589],[106.5225228339451,10.315819916659589],[106.5225228339451,10.270781348323426]]]}"
2942,6520,3861,13,"{""geodesic"":false,""type"":""Polygon"",""coordinates"":[[[106.52252295929316,10.227537381532432],[106.56829735923465,10.227537381532432],[106.56829735923465,10.272581860816539],[106.52252295929316,10.272581860816539],[106.52252295929316,10.227537381532432]]]}"
2948,6520,3867,13,"{""geodesic"":false,""type"":""Polygon"",""coordinates"":[[[106.52252370008586,9.967950723921351],[106.56829661844195,9.967950723921351],[106.56829661844195,10.013030167874614],[106.52252370008586,10.013030167874614],[106.52252370008586,9.967950723921351]]]}"
2951,6520,3870,13,"{""geodesic"":false,""type"":""Polygon"",""coordinates"":[[[106.52252406322408,9.838079490953977],[106.56829625530371,9.838079490953977],[106.56829625530371,9.883176094417044],[106.52252406322408,9.883176094417044],[106.52252406322408,9.838079490953977]]]}"
3015,6521,3860,13,"{""geodesic"":false,""type"":""Polygon"",""coordinates"":[[[106.56646814644557,10.270781348323428],[106.61224279708316,10.270781348323428],[106.61224279708316,10.31581991665959],[106.56646814644557,10.31581991665959],[106.56646814644557,10.270781348323428]]]}"
3016,6521,3861,13,"{""geodesic"":false,""type"":""Polygon"",""coordinates"":[[[106.56646827179361,10.227537381532432],[106.61224267173512,10.227537381532432],[106.61224267173512,10.272581860816542],[106.56646827179361,10.272581860816542],[106.56646827179361,10.227537381532432]]]}"
3022,6521,3867,13,"{""geodesic"":false,""type"":""Polygon"",""coordinates"":[[[106.56646901258632,9.967950723921353],[106.6122419309424,9.967950723921353],[106.6122419309424,10.013030167874616],[106.56646901258632,10.013030167874616],[106.56646901258632,9.967950723921353]]]}"
3023,6521,3868,13,"{""geodesic"":false,""type"":""Polygon"",""coordinates"":[[[106.56646913416986,9.924666027780518],[106.61224180935886,9.924666027780518],[106.61224180935886,9.969751215521477],[106.56646913416986,9.969751215521477],[106.56646913416986,9.924666027780518]]]}"
3089,6522,3860,13,"{""geodesic"":false,""type"":""Polygon"",""coordinates"":[[[106.61041345894606,10.270781348323428],[106.65618810958361,10.270781348323428],[106.65618810958361,10.315819916659587],[106.61041345894606,10.315819916659587],[106.61041345894606,10.270781348323428]]]}"
3090,6522,3861,13,"{""geodesic"":false,""type"":""Polygon"",""coordinates"":[[[106.61041358429408,10.227537381532432],[106.65618798423559,10.227537381532432],[106.65618798423559,10.27258186081654],[106.61041358429408,10.27258186081654],[106.61041358429408,10.227537381532432]]]}"
3091,6522,3862,13,"{""geodesic"":false,""type"":""Polygon"",""coordinates"":[[[106.61041370910411,10.18428752464537],[106.65618785942554,10.18428752464537],[106.65618785942554,10.229337891047045],[106.61041370910411,10.229337891047045],[106.61041370910411,10.18428752464537]]]}"
3097,6522,3868,13,"{""geodesic"":false,""type"":""Polygon"",""coordinates"":[[[106.61041444667033,9.924666027780516],[106.65618712185932,9.924666027780516],[106.65618712185932,9.969751215521478],[106.61041444667033,9.969751215521478],[106.61041444667033,9.924666027780516]]]}"
3163,6523,3860,13,"{""geodesic"":false,""type"":""Polygon"",""coordinates"":[[[106.65435877144651,10.270781348323426],[106.7001334220841,10.270781348323426],[106.7001334220841,10.315819916659589],[106.65435877144651,10.315819916659589],[106.65435877144651,10.270781348323426]]]}"
3165,6523,3862,13,"{""geodesic"":false,""type"":""Polygon"",""coordinates"":[[[106.65435902160458,10.18428752464537],[106.70013317192604,10.18428752464537],[106.70013317192604,10.229337891047043],[106.65435902160458,10.229337891047043],[106.65435902160458,10.18428752464537]]]}"
3237,6524,3860,13,"{""geodesic"":false,""type"":""Polygon"",""coordinates"":[[[106.69830408394698,10.270781348323426],[106.74407873458455,10.270781348323426],[106.74407873458455,10.31581991665959],[106.69830408394698,10.31581991665959],[106.69830408394698,10.270781348323426]]]}"
3238,6524,3861,13,"{""geodesic"":false,""type"":""Polygon"",""coordinates"":[[[106.69830420929502,10.227537381532432],[106.74407860923651,10.227537381532432],[106.74407860923651,10.272581860816537],[106.69830420929502,10.272581860816537],[106.69830420929502,10.227537381532432]]]}"
3239,6524,3862,13,"{""geodesic"":false,""type"":""Polygon"",""coordinates"":[[[106.69830433410506,10.18428752464537],[106.74407848442648,10.18428752464537],[106.74407848442648,10.229337891047045],[106.69830433410506,10.229337891047045],[106.69830433410506,10.18428752464537]]]}"
3312,6525,3861,13,"{""geodesic"":false,""type"":""Polygon"",""coordinates"":[[[106.74224952179547,10.227537381532432],[106.78802392173695,10.227537381532432],[106.78802392173695,10.27258186081654],[106.74224952179547,10.27258186081654],[106.74224952179547,10.227537381532432]]]}"
3313,6525,3862,13,"{""geodesic"":false,""type"":""Polygon"",""coordinates"":[[[106.7422496466055,10.18428752464537],[106.78802379692692,10.18428752464537],[106.78802379692692,10.229337891047045],[106.7422496466055,10.229337891047045],[106.7422496466055,10.18428752464537]]]}"
